timestamp,datetime,person_count
1762274520,2025-11-04 17:42:00,14
1762274521,2025-11-04 17:42:01,13
1762274522,2025-11-04 17:42:02,12
1762274523,2025-11-04 17:42:03,15
1762274524,2025-11-04 17:42:04,13
1762274525,2025-11-04 17:42:05,12
1762274526,2025-11-04 17:42:06,10
1762274527,2025-11-04 17:42:07,14
1762274528,2025-11-04 17:42:08,9
1762274529,2025-11-04 17:42:09,11
1762274530,2025-11-04 17:42:10,12
1762274531,2025-11-04 17:42:11,14
1762274532,2025-11-04 17:42:12,12
1762274533,2025-11-04 17:42:13,13
